"Time (s)","Acceleration x (m/s^2)","Acceleration y (m/s^2)","Acceleration z (m/s^2)","Absolute acceleration (m/s^2)"
1.664166339E-4,-8.777746582E-1,6.606212311E0,7.420369263E0,9.973685850E0
1.013641665E-2,-7.156617737E-1,6.666836243E0,6.998396759E0,9.692081018E0
2.010641666E-2,-7.536827087E-1,6.716233521E0,6.818770294E0,9.600596786E0
3.007541643E-2,-8.346643066E-1,6.713239746E0,6.900350647E0,9.663285748E0
4.004541645E-2,-8.858578491E-1,6.670428772E0,7.122937775E0,9.798755363E0
5.001541646E-2,-8.300239563E-1,6.640341339E0,7.345075836E0,9.936458721E0
5.998441670E-2,-7.090754700E-1,6.607110443E0,7.475754089E0,1.000217954E1
6.995441625E-2,-4.460723877E-1,6.564449158E0,7.513475647E0,9.987156233E0
7.992441626E-2,-3.531156921E-1,6.459517365E0,7.461084595E0,9.875112081E0
8.989441628E-2,-3.571572876E-1,6.288273468E0,7.294481049E0,9.637395826E0
9.986341652E-2,-3.345542908E-1,6.114335175E0,7.155420227E0,9.417911649E0
1.098334165E-1,-2.418969727E-1,5.936654663E0,7.156767426E0,9.301704291E0
1.198034999E-1,-3.712280273E-2,5.794450378E0,7.173382874E0,9.221412860E0
1.297724997E-1,1.270857239E-1,5.627547455E0,7.181166687E0,9.124395658E0
1.397424997E-1,1.983375549E-1,5.444328461E0,7.250322876E0,9.069025966E0
1.497124997E-1,2.430944824E-1,5.306614838E0,7.409142609E0,9.116723653E0
1.596814999E-1,3.076103210E-1,5.276826782E0,7.496560822E0,9.172674046E0
1.696514999E-1,2.859054565E-1,5.268144836E0,7.448810120E0,9.127971524E0
1.796215000E-1,1.121168518E-1,5.177732849E0,7.448510742E0,9.072033946E0
1.895904997E-1,1.993853760E-1,5.289101257E0,7.271129608E0,8.993535035E0
1.995604998E-1,3.977229309E-1,5.254822540E0,7.217091980E0,8.936316921E0
2.095304998E-1,5.484594727E-1,5.118156738E0,7.204817505E0,8.854701094E0
2.194995000E-1,6.650669861E-1,5.015021210E0,7.240892487E0,8.833078503E0
2.294695000E-1,8.373587036E-1,4.882397003E0,7.320526886E0,8.839065787E0
2.394395000E-1,1.076112213E0,4.836592255E0,7.411687317E0,8.915366006E0
2.494084998E-1,1.153501282E0,4.839885406E0,7.578590240E0,9.065874805E0
2.593784998E-1,1.257984009E0,4.928201752E0,7.733218689E0,9.255936882E0
2.693484998E-1,1.394051056E0,5.077142029E0,7.877817993E0,9.475271282E0
2.793174996E-1,1.507066040E0,5.159470825E0,8.139024811E0,9.753722987E0
2.892874996E-1,1.319655762E0,5.090164948E0,8.493338013E0,9.989397435E0
2.992574996E-1,1.110690308E0,4.824317780E0,8.613088989E0,9.934433901E0
3.092274996E-1,9.723779297E-1,4.550537109E0,8.648116150E0,9.820530524E0
3.191964999E-1,1.261726227E0,4.577630768E0,8.558302917E0,9.787298164E0
3.291664999E-1,1.696422272E0,4.631967773E0,8.339158630E0,9.688887482E0
3.391364999E-1,2.006726990E0,4.822072449E0,8.171956329E0,9.698464114E0
3.491054997E-1,2.016007690E0,4.737947388E0,8.018375702E0,9.529259224E0
3.590754997E-1,1.608704681E0,4.583917694E0,7.952812042E0,9.319198010E0
3.690454997E-1,1.525777130E0,4.709356842E0,7.847880249E0,9.278753263E0
3.790145000E-1,1.524429932E0,4.442461853E0,7.766898651E0,9.076567005E0
3.889845000E-1,1.480271759E0,4.028273163E0,7.671846313E0,8.790643606E0
3.989545000E-1,1.516346741E0,3.712879028E0,7.956105194E0,8.909791691E0
4.089234998E-1,1.691183167E0,3.564238129E0,8.512797546E0,9.382516507E0
4.188934998E-1,1.808090057E0,3.562741241E0,8.519234161E0,9.409551823E0
4.288634998E-1,1.779948578E0,3.476520538E0,8.699609070E0,9.536121327E0
4.388325000E-1,1.689686279E0,2.996768188E0,8.767118683E0,9.417963118E0
4.488025000E-1,2.012415161E0,2.565514984E0,8.440048828E0,9.047989066E0
4.587724996E-1,2.366728363E0,2.328557739E0,8.181386719E0,8.829420872E0
4.687424996E-1,2.252515869E0,2.025587769E0,8.069868622E0,8.619722334E0
4.787114998E-1,-2.294728088E-1,1.161434784E0,8.231233063E0,8.315935682E0
4.886814998E-1,-2.203567657E0,1.290915527E0,9.436376953E0,9.775857166E0
4.986514999E-1,-1.845961304E0,2.383643188E0,1.042028091E1,1.084765331E1
5.086204996E-1,1.603166199E-1,3.567980347E0,1.107681564E1,1.163838606E1
5.185904996E-1,2.124082947E-1,3.955674133E0,1.164862656E1,1.230377892E1
5.285604997E-1,-5.391787720E-1,3.316652985E0,1.176448563E1,1.223495087E1
5.385294999E-1,-7.692503357E-1,2.508782959E0,1.258882141E1,1.285939977E1
5.484994999E-1,-1.002165985E0,2.245330811E0,1.236967712E1,1.261169137E1
5.584694999E-1,-5.162763977E-1,2.514920197E0,1.147738266E1,1.176102366E1
5.684384997E-1,-2.634521484E-1,2.585423584E0,1.122261246E1,1.151958560E1
5.784084997E-1,-7.141648865E-1,2.382595367E0,1.105376358E1,1.133015805E1
5.883784997E-1,-1.359472961E0,2.037113800E0,1.122500748E1,1.148907273E1
5.983475000E-1,-1.602118378E0,1.964065704E0,1.132739456E1,1.160750641E1
6.083175000E-1,-1.141376495E0,2.308948517E0,1.112501541E1,1.141927981E1
6.182875000E-1,-4.661306763E-1,2.738405457E0,1.084360062E1,1.119374006E1
6.282564998E-1,1.610650635E-1,3.101101227E0,1.045710434E1,1.090842802E1
6.382264998E-1,5.068460083E-1,3.544778595E0,1.004186783E1,1.066121277E1
6.481964998E-1,7.861651611E-1,3.878434753E0,9.612710266E0,1.039540814E1
6.581655000E-1,8.304730225E-1,4.080514526E0,9.273216248E0,1.016527539E1
6.681354996E-1,6.132746887E-1,4.022734680E0,9.131461029E0,9.997103614E0
6.781054996E-1,-6.212081909E-1,3.185974731E0,9.623787231E0,1.015645683E1
6.880754996E-1,-9.160949707E-1,2.505938873E0,9.934391327E0,1.028645180E1
6.980444998E-1,-3.784130859E-1,2.496807861E0,1.005683670E1,1.036905060E1
7.080144999E-1,-2.633024597E-1,2.598296814E0,1.019844223E1,1.052752100E1
7.179844999E-1,-2.692900085E-1,2.512824554E0,1.042447220E1,1.072643580E1
7.279534996E-1,-6.137237549E-2,2.478246460E0,1.050081345E1,1.078946501E1
7.379234997E-1,1.613644409E-1,2.484084320E0,1.037043457E1,1.066501883E1
7.478934997E-1,4.185296631E-1,2.739902344E0,1.014560211E1,1.051738913E1
7.578624999E-1,3.983216858E-1,2.776576080E0,9.641001434E0,1.004076409E1
7.678324999E-1,1.621128845E-1,2.421215057E0,9.040749664E0,9.360754106E0
7.778024999E-1,-1.475930786E-1,2.174677734E0,8.599167938E0,8.871115837E0
7.877714997E-1,-3.237767029E-1,2.025587769E0,8.351283417E0,8.599521607E0
7.977414997E-1,-3.975732422E-1,1.848655701E0,8.220605164E0,8.435279583E0
8.077114997E-1,-3.926335144E-1,1.734443207E0,8.142467651E0,8.334400624E0
8.176805000E-1,-2.880010986E-1,1.601220245E0,8.077951813E0,8.240155120E0
8.276505000E-1,-1.354682922E-1,1.407672729E0,8.273744659E0,8.393732475E0
8.376205000E-1,-5.688171387E-2,1.236877899E0,8.460705872E0,8.550827230E0
8.475905000E-1,1.745370483E-1,9.713301086E-1,8.655301208E0,8.711382460E0
8.575594998E-1,2.430944824E-1,7.294331360E-1,8.751251678E0,8.784962923E0
8.675294998E-1,1.945953369E-1,6.698570251E-1,8.303832092E0,8.333078855E0
8.774994998E-1,3.917353821E-1,6.192622375E-1,8.080795898E0,8.113951237E0
8.874684996E-1,4.561015320E-1,5.319937134E-1,7.604785767E0,7.637002846E0
8.974384996E-1,4.996609497E-1,3.005749512E-1,7.350314941E0,7.373407360E0
9.074084996E-1,3.614982605E-1,1.661544800E-2,7.162605286E0,7.171741179E0
9.173774999E-1,3.195854187E-1,-2.682421875E-1,7.016658783E0,7.029053221E0
9.273474999E-1,5.566923523E-1,-5.123844910E-1,6.991960144E0,7.032776898E0
9.373174999E-1,1.232985992E0,-6.030958557E-1,7.392527161E0,7.518872049E0
9.472864997E-1,1.997296600E0,-4.086502075E-1,8.308173065E0,8.554643674E0
9.572564997E-1,2.356998596E0,-4.513114929E-1,8.663534088E0,8.989769037E0
9.672264997E-1,2.405348053E0,-6.206094360E-1,8.113877106E0,8.485626495E0
9.771954999E-1,2.191742249E0,-6.792874146E-1,7.356901245E0,7.706436362E0
9.871654999E-1,2.010618896E0,-8.803193665E-1,6.508465576E0,6.868600636E0
9.971355000E-1,1.937271423E0,-1.021326141E0,6.041287079E0,6.425984533E0
1.007104500E0,2.106419678E0,-1.122366028E0,5.866450653E0,6.333399768E0
1.017074500E0,2.314636688E0,-1.266216888E0,5.944139099E0,6.503355890E0
1.027044500E0,2.453098755E0,-1.414558411E0,6.345604248E0,6.948766960E0
1.037013500E0,2.743345184E0,-1.598376160E0,7.098239136E0,7.775972478E0
1.046983500E0,3.175646210E0,-1.721569977E0,8.095615082E0,8.864959988E0
1.056953500E0,3.410058746E0,-1.866917725E0,8.793463898E0,9.614514536E0
1.066923500E0,3.351979523E0,-2.171683960E0,8.943901062E0,9.795169429E0
1.076892500E0,3.132086792E0,-2.468965759E0,8.701555023E0,9.571980956E0
1.086862500E0,3.068918152E0,-2.599793701E0,8.241262207E0,9.170364697E0
1.096832500E0,3.245850220E0,-2.594105530E0,7.858957214E0,8.889777030E0
1.106801500E0,3.584895172E0,-2.511477356E0,7.805518341E0,8.949028354E0
1.116771500E0,4.062252502E0,-2.408491516E0,8.159232788E0,9.427396590E0
1.126741500E0,4.496798859E0,-2.365979919E0,8.774154053E0,1.013927218E1
1.136710500E0,4.823419647E0,-2.262245636E0,9.282197571E0,1.070244477E1
1.146680500E0,5.065017242E0,-2.018103333E0,9.485025787E0,1.094042298E1
1.156650500E0,5.241799622E0,-1.797611847E0,9.613009644E0,1.109584724E1
1.166619500E0,5.293292542E0,-1.842518463E0,9.771080933E0,1.126445040E1
1.176589500E0,5.028792572E0,-1.986519012E0,9.745035095E0,1.114453774E1
1.186559500E0,4.721331940E0,-2.226020966E0,9.826765137E0,1.112705970E1
1.196528500E0,4.429588623E0,-2.354154510E0,1.060260178E1,1.172938461E1
1.206498500E0,4.000431061E0,-2.518213348E0,1.143936172E1,1.237755403E1
1.216468500E0,3.841910706E0,-2.724783783E0,1.170490952E1,1.261703734E1
1.226437500E0,3.925287323E0,-2.232906647E0,1.195773376E1,1.278206358E1
1.236407500E0,4.202810211E0,-1.948797455E0,1.171299271E1,1.259585739E1
1.246377500E0,4.317771149E0,-1.654659119E0,1.149789001E1,1.239284145E1
1.256347500E0,4.176764374E0,-1.449286194E0,1.127754822E1,1.211316990E1
1.266316500E0,4.141288147E0,-1.425186310E0,1.070932983E1,1.157027091E1
1.276286500E0,4.343367920E0,-1.228046265E0,1.034124527E1,1.128336369E1
1.286256500E0,4.386777649E0,-1.073567505E0,1.065244812E1,1.157026431E1
1.296225500E0,4.346960449E0,-1.167272644E0,1.116962265E1,1.204238601E1
1.306195500E0,4.185596008E0,-1.163081360E0,1.172900940E1,1.250766300E1
1.316165500E0,4.143683167E0,-1.250948639E0,1.214604218E1,1.289423605E1
1.326134500E0,4.247417450E0,-1.357976074E0,1.229168930E1,1.307556040E1
1.336104500E0,4.913232880E0,-1.470242615E0,1.279404465E1,1.378365152E1
1.346074500E0,5.691913605E0,-1.433718567E0,1.398721344E1,1.516890138E1
1.356043500E0,6.544241180E0,-7.664062500E-1,1.455558151E1,1.597746614E1
1.366013500E0,6.941814423E0,-2.835104370E-1,1.507754608E1,1.660125180E1
1.375983500E0,6.349047089E0,-6.203100586E-1,1.443433365E1,1.578116508E1
1.385952500E0,6.267466736E0,-6.180647278E-1,1.394305527E1,1.529940958E1
1.395922500E0,5.880521393E0,-4.553530884E-1,1.361104568E1,1.483402989E1
1.405892500E0,6.179150391E0,-5.722599792E-1,1.367002304E1,1.501262505E1
1.415861500E0,7.106621704E0,-4.620890808E-1,1.438703201E1,1.605317067E1
1.425831500E0,7.735014954E0,-2.421963501E-1,1.535042862E1,1.719083402E1
1.435801500E0,8.108787689E0,-4.120930481E-1,1.622026978E1,1.813889219E1
1.445770500E0,8.019722900E0,-5.746549988E-1,1.713816101E1,1.893047138E1
1.455740500E0,7.930508423E0,-6.782395935E-1,1.747196686E1,1.919954684E1
1.465710500E0,7.916737061E0,-7.198530579E-1,1.722438171E1,1.897029888E1
1.475679500E0,7.708520050E0,-8.472381592E-1,1.669613022E1,1.840923296E1
1.485649500E0,8.146060181E0,-5.092410278E-1,1.622730515E1,1.816433470E1
1.495619500E0,8.727750549E0,-1.672023010E-1,1.596055984E1,1.819178542E1
1.505589500E0,9.032516785E0,8.053253174E-2,1.574336151E1,1.815065499E1
1.515558500E0,8.856782227E0,3.171903992E-1,1.542991333E1,1.779397163E1
1.525528500E0,8.380023651E0,2.058219910E-1,1.474793152E1,1.696374496E1
1.535498500E0,7.745044098E0,1.417552185E-1,1.398332153E1,1.598558988E1
1.545467500E0,7.133865051E0,6.900650024E-2,1.309955933E1,1.491627457E1
1.555437500E0,6.662644958E0,2.724334717E-2,1.217657867E1,1.388022508E1
1.565407500E0,6.344706116E0,2.797682190E-1,1.149833908E1,1.313565254E1
1.575376500E0,6.402785339E0,4.013154602E-1,1.086590424E1,1.261842261E1
1.585346500E0,6.361321564E0,8.128097534E-1,1.035756134E1,1.218220623E1
1.595316500E0,6.245462494E0,1.209933929E0,1.002944366E1,1.187684647E1
1.605285500E0,6.477480011E0,1.584754486E0,9.870623932E0,1.191211194E1
1.615255500E0,6.570436707E0,1.797761536E0,9.947713623E0,1.205651655E1
1.625225500E0,6.162085876E0,1.592538300E0,1.011356873E1,1.194955032E1
1.635194500E0,5.492677917E0,1.055754547E0,1.023541534E1,1.166395540E1
1.645164500E0,5.360502777E0,9.410929871E-1,1.013542328E1,1.150423622E1
1.655134500E0,5.455255737E0,1.049617310E0,9.729467468E0,1.120375155E1
1.665103500E0,5.441334686E0,1.088686066E0,8.918903046E0,1.050429398E1
1.675073500E0,5.215903473E0,1.091081085E0,8.046217804E0,9.650788979E0
1.685043500E0,4.956642609E0,1.124611359E0,7.632927246E0,9.170312699E0
1.695012500E0,4.688849487E0,1.040037231E0,7.524402924E0,8.926568563E0
1.704982500E0,4.630021820E0,7.122189331E-1,7.112609253E0,8.516664150E0
1.714952500E0,4.423451385E0,7.927514648E-1,6.684649200E0,8.054806762E0
1.724921500E0,4.393214264E0,8.878038025E-1,6.224206696E0,7.670024521E0
1.734891500E0,4.341421967E0,9.156459045E-1,5.719606018E0,7.238801359E0
1.744861500E0,4.343667297E0,1.077309723E0,5.472919006E0,7.069715997E0
1.754831500E0,4.203408966E0,1.061592407E0,5.406756592E0,6.930269996E0
1.764800500E0,3.719615021E0,1.197659454E0,5.445975037E0,6.702877604E0
1.774770500E0,3.524420929E0,1.239422607E0,5.309309235E0,6.492031718E0
1.784740500E0,3.127296753E0,1.197509766E0,5.165757751E0,6.156221874E0
1.794709500E0,3.179837494E0,1.516945496E0,5.081483002E0,6.183361515E0
1.804679500E0,2.950065308E0,1.605710907E0,5.071304169E0,6.082706536E0
1.814649500E0,2.625689850E0,1.678160248E0,5.200186157E0,6.062376190E0
1.824618500E0,2.506238251E0,1.912872162E0,5.114564209E0,6.008250754E0
1.834588500E0,2.179916840E0,2.038910065E0,4.830005951E0,5.677864842E0
1.844558500E0,2.019600220E0,2.277962952E0,4.528083801E0,5.456321395E0
1.854527500E0,1.773961029E0,2.500400391E0,4.439917145E0,5.395535571E0
1.864497500E0,1.507365417E0,2.711611176E0,4.294120331E0,5.297589554E0
1.874467500E0,1.424737244E0,2.877466278E0,4.274810486E0,5.346371955E0
1.884436500E0,1.286125488E0,3.065924377E0,4.595743103E0,5.672289285E0
1.894406500E0,9.857002258E-1,3.178041229E0,4.917873230E0,5.937762886E0
1.904376500E0,6.915618896E-1,3.436703339E0,5.039570160E0,6.138929474E0
1.914345500E0,4.884342957E-1,3.721560974E0,4.929099884E0,6.195531439E0
1.924315500E0,1.775308228E-1,3.928281097E0,4.818479919E0,6.219377646E0
1.934285500E0,-1.031355286E-1,4.164340210E0,4.817282410E0,6.368561544E0
1.944254500E0,-3.453318787E-1,4.405339050E0,5.032085724E0,6.696876360E0
1.954224500E0,-5.483097839E-1,4.600982208E0,5.209616547E0,6.972071820E0
1.964194500E0,-5.287005615E-1,4.881049805E0,5.276677094E0,7.207460900E0
1.974163500E0,-6.372248840E-1,4.977449341E0,5.360652466E0,7.342864043E0
1.984133500E0,-6.918612671E-1,5.043761444E0,5.369633789E0,7.399403256E0
1.994103500E0,-7.417076111E-1,5.072801056E0,5.370531921E0,7.424692172E0
2.004072500E0,-8.566685486E-1,5.090164948E0,5.429509277E0,7.491543979E0
2.014042500E0,-9.053173828E-1,5.141508179E0,5.540877686E0,7.612885881E0
2.024012500E0,-9.047186279E-1,5.127886505E0,5.726192322E0,7.739703761E0
2.033982500E0,-9.696835327E-1,5.148693237E0,5.912854156E0,7.900074207E0
2.043951500E0,-1.025966492E0,5.194048920E0,6.075266418E0,8.058511865E0
2.053921500E0,-1.051862640E0,5.262606354E0,6.193221130E0,8.194963613E0
2.063891500E0,-1.154100037E0,5.338049469E0,6.261030121E0,8.308261984E0
2.073860500E0,-1.282083893E0,5.409900055E0,6.149362335E0,8.290079303E0
2.083830500E0,-1.315015411E0,5.506898346E0,5.978118439E0,8.233656235E0
2.093800500E0,-1.417701874E0,5.607040100E0,5.945336609E0,8.294323642E0
2.103769500E0,-1.535506897E0,5.685027924E0,6.056555328E0,8.447436674E0
2.113739500E0,-1.699715424E0,5.841602325E0,6.181246033E0,8.673012900E0
2.123709791E0,-1.926942902E0,5.933660889E0,6.230792999E0,8.817268391E0
2.133678792E0,-2.078278198E0,5.981710968E0,6.186036072E0,8.852522164E0
2.143648792E0,-2.150128784E0,6.022126923E0,6.001619568E0,8.769749363E0
2.153618792E0,-2.167193298E0,6.039490814E0,5.819747772E0,8.662657803E0
2.163587791E0,-2.104623413E0,6.049220581E0,5.717061310E0,8.585295532E0
2.173557791E0,-2.036515045E0,6.046077118E0,5.642366638E0,8.516967965E0
2.183527791E0,-2.002535706E0,6.048472137E0,5.565576324E0,8.459893869E0
2.193496792E0,-2.033970337E0,6.027066650E0,5.504653015E0,8.412120574E0
2.203466792E0,-2.067650299E0,5.930966492E0,5.417683868E0,8.294747723E0
2.213436792E0,-2.094444580E0,5.848188629E0,5.351970520E0,8.199487593E0
2.223405791E0,-2.170336761E0,5.770799561E0,5.278173981E0,8.116132687E0
2.233375791E0,-2.199975128E0,5.627098389E0,5.257067871E0,8.008800749E0
2.243345791E0,-2.186203766E0,5.509592743E0,5.320535889E0,7.965124057E0
2.253314791E0,-2.163451080E0,5.350024567E0,5.435796204E0,7.927872590E0
2.263284791E0,-2.080523529E0,5.156177673E0,5.533692627E0,7.844520409E0
2.273254791E0,-2.035167847E0,4.947361908E0,5.603597260E0,7.747167241E0
2.283223792E0,-1.998045044E0,4.719835052E0,5.687422943E0,7.656096045E0
2.293193792E0,-1.951791229E0,4.550088043E0,5.882317657E0,7.688592279E0
2.303163792E0,-1.830992432E0,4.436025238E0,6.137087860E0,7.790680368E0
2.313132791E0,-1.668430481E0,4.361629944E0,6.394103394E0,7.917830147E0
2.323102791E0,-1.606010284E0,4.345313873E0,6.545738068E0,8.019208723E0
2.333072791E0,-1.603166199E0,4.363426208E0,6.548432465E0,8.030666092E0
2.343042791E0,-1.620081024E0,4.320914612E0,6.502627716E0,7.973652414E0
2.353011792E0,-1.538800049E0,4.290827179E0,6.493197327E0,7.933518450E0
2.362981792E0,-1.470691681E0,4.202061768E0,6.501430206E0,7.879647952E0
2.372951792E0,-1.387464752E0,4.052373047E0,6.557862854E0,7.832774155E0
2.382920791E0,-1.398092651E0,3.894750824E0,6.727160797E0,7.898002243E0
2.392890791E0,-1.458716583E0,3.755989380E0,7.034172363E0,8.106472175E0
2.402860791E0,-1.584155731E0,3.634741516E0,7.300917664E0,8.308086061E0
2.412829792E0,-1.786534882E0,3.548520813E0,7.523355103E0,8.507912719E0
2.422799792E0,-1.954335938E0,3.436553650E0,7.763455811E0,8.712093667E0
2.432769792E0,-2.128723297E0,3.361559601E0,7.939489746E0,8.880711866E0
2.442738791E0,-2.211800537E0,3.301684113E0,8.101003876E0,9.023272322E0
2.452708791E0,-2.235900421E0,3.213667145E0,8.413254547E0,9.279534433E0
2.462678791E0,-2.138752441E0,3.181334381E0,8.678502960E0,9.487442441E0
2.472647791E0,-1.980381775E0,3.136577454E0,8.931626587E0,9.671296893E0
2.482617791E0,-1.986818390E0,3.057841187E0,9.151519318E0,9.851301734E0
2.492587791E0,-2.160756683E0,3.015030212E0,9.293723602E0,1.000662656E1
2.502556792E0,-2.436782684E0,2.876568146E0,9.325906677E0,1.005907995E1
2.512526792E0,-2.698887634E0,2.782413940E0,9.318122864E0,1.009223640E1
2.522496792E0,-2.910248108E0,2.771786041E0,9.388326874E0,1.021239558E1
2.532465791E0,-3.034639435E0,2.674338684E0,9.472152557E0,1.029965038E1
2.542435791E0,-3.197800140E0,2.509980469E0,9.798923035E0,1.060871436E1
2.552405791E0,-3.286266174E0,2.381846924E0,1.024724075E1,1.102173685E1
2.562374792E0,-3.335513763E0,2.222278748E0,1.080707657E1,1.152636451E1
2.572344792E0,-3.395838318E0,2.094444580E0,1.134580627E1,1.202687557E1
2.582314792E0,-3.435056763E0,1.943857727E0,1.176553345E1,1.240991439E1
2.592283791E0,-3.464096375E0,1.796114960E0,1.198452805E1,1.260376551E1
2.602253791E0,-3.496728516E0,1.720522156E0,1.204590042E1,1.266060914E1
2.612223791E0,-3.494333496E0,1.645079041E0,1.202748871E1,1.263238443E1
2.622192792E0,-3.487896881E0,1.557211761E0,1.209589645E1,1.268467753E1
2.632162792E0,-3.441643066E0,1.413809967E0,1.230965195E1,1.285967716E1
2.642132792E0,-3.346441040E0,1.270258484E0,1.272907974E1,1.322277185E1
2.652101791E0,-3.267405396E0,1.118174744E0,1.325074493E1,1.369337409E1
2.662071791E0,-3.097508698E0,9.816586304E-1,1.375699219E1,1.413552432E1
2.672041791E0,-2.908302155E0,8.693920898E-1,1.439451645E1,1.471108996E1
2.682011792E0,-2.815345459E0,7.797285461E-1,1.492636047E1,1.520954909E1
2.691980791E0,-2.764600983E0,7.665559387E-1,1.511945892E1,1.538923860E1
2.701950791E0,-2.765199738E0,7.685018921E-1,1.501078491E1,1.528268918E1
2.711920791E0,-2.860102386E0,8.349636841E-1,1.467578156E1,1.497517660E1
2.721889792E0,-2.885250092E0,8.809181213E-1,1.417013306E1,1.448769670E1
2.731859792E0,-2.902314606E0,7.725434875E-1,1.372091721E1,1.404577597E1
2.741829792E0,-2.813549194E0,5.842350769E-1,1.352272934E1,1.382467354E1
2.751798791E0,-2.531835022E0,4.218228149E-1,1.350506607E1,1.374681536E1
2.761768791E0,-2.218835907E0,2.983296204E-1,1.361493759E1,1.379778094E1
2.771738791E0,-1.996548157E0,1.429527283E-1,1.365774857E1,1.380364937E1
2.781707792E0,-1.872755585E0,-7.828720093E-2,1.353934479E1,1.366847466E1
2.791677792E0,-1.499431915E0,-6.182144165E-2,1.339190140E1,1.347572414E1
2.801647792E0,-1.278641052E0,-6.212081909E-2,1.314940567E1,1.321157263E1
2.811616791E0,-1.277742920E0,-2.077679443E-1,1.284404068E1,1.290911211E1
2.821586791E0,-1.262324982E0,-1.892065430E-1,1.268537064E1,1.274942711E1
2.831556791E0,-1.335223389E0,-3.121009827E-1,1.256966125E1,1.264423238E1
2.841525792E0,-1.273851013E0,-4.706213379E-1,1.256367371E1,1.263685395E1
2.851495792E0,-9.738748169E-1,-5.325924683E-1,1.273446854E1,1.278275306E1
2.861465791E0,-7.870632935E-1,-5.511538696E-1,1.280841476E1,1.284440454E1
2.871434791E0,-5.631289673E-1,-5.593867493E-1,1.260498779E1,1.262995428E1
2.881404791E0,-3.321592712E-1,-5.337899780E-1,1.233000961E1,1.234602764E1
2.891374792E0,-6.526428223E-2,-5.019062805E-1,1.215262848E1,1.216316358E1
2.901343791E0,1.853146362E-1,-4.822970581E-1,1.208841202E1,1.209944863E1
2.911313791E0,3.216810608E-1,-4.894821167E-1,1.215247879E1,1.216658589E1
2.921283791E0,5.087919617E-1,-4.207749939E-1,1.240215958E1,1.241972154E1
2.931252792E0,7.722441101E-1,-2.806663513E-1,1.276036469E1,1.278679168E1
2.941222792E0,9.455836487E-1,-2.471360779E-1,1.300824921E1,1.304491288E1
2.951192792E0,1.024170227E0,-1.754351807E-1,1.311138474E1,1.315249451E1
2.961161791E0,1.260678406E0,-6.676116943E-2,1.316661987E1,1.322700442E1
2.971131791E0,1.528770905E0,-2.080673218E-2,1.328966400E1,1.337732195E1
2.981101791E0,1.743424530E0,-2.694396973E-3,1.344968124E1,1.356220712E1
2.991070792E0,2.017953644E0,-3.487747192E-2,1.375190277E1,1.389921520E1
3.001040792E0,2.351160736E0,-5.957611084E-2,1.417582123E1,1.436960033E1
3.011010792E0,2.621797943E0,-1.055305481E-1,1.464210159E1,1.487535210E1
3.020979791E0,2.775827637E0,-1.109193420E-1,1.498863098E1,1.524390307E1
3.030949791E0,2.944377136E0,1.466949463E-2,1.502081406E1,1.530667916E1
3.040919791E0,3.105741577E0,1.172062683E-1,1.484507950E1,1.516692960E1
3.050888792E0,3.305426331E0,3.124003601E-1,1.451052521E1,1.488552246E1
3.060858792E0,3.557352448E0,5.532495117E-1,1.421503967E1,1.466383969E1
3.070828791E0,3.768712921E0,7.354206848E-1,1.395083908E1,1.446962169E1
3.080797791E0,3.985312500E0,8.433462524E-1,1.359682526E1,1.419392848E1
3.090767791E0,4.256548462E0,9.562115479E-1,1.320987991E1,1.391163084E1
3.100737792E0,4.569846954E0,1.087488556E0,1.301259018E1,1.383450887E1
3.110706791E0,4.830155640E0,1.135987701E0,1.283610718E1,1.376177747E1
3.120676791E0,5.054539032E0,1.183738403E0,1.242102036E1,1.346221929E1
3.130646625E0,5.189408569E0,1.246757355E0,1.176224030E1,1.291644928E1
3.140615625E0,5.222040710E0,1.260379028E0,1.100257004E1,1.224397043E1
3.150585625E0,5.130131836E0,1.287173309E0,1.030442184E1,1.158258077E1
3.160555625E0,4.987777863E0,1.289867706E0,9.680968323E0,1.096644128E1
3.170524625E0,4.861590271E0,1.254391479E0,9.090895386E0,1.038522686E1
3.180494625E0,4.802762604E0,1.264570312E0,8.436007233E0,9.789376116E0
3.190464625E0,4.649331665E0,1.331630859E0,7.906558228E0,9.268397309E0
3.200433625E0,4.431235199E0,1.414109344E0,7.496710510E0,8.822483726E0
3.210403625E0,4.261937256E0,1.510508881E0,7.133715363E0,8.446042927E0
3.220373625E0,4.062701569E0,1.569336548E0,6.812782745E0,8.085936555E0
3.230342625E0,3.753744049E0,1.566941528E0,6.589596863E0,7.743945180E0
3.240312625E0,3.469634857E0,1.608854370E0,6.483018494E0,7.527038409E0
3.250282625E0,3.166365509E0,1.635498962E0,6.308780823E0,7.245787939E0
3.260251625E0,2.868634644E0,1.683249664E0,5.985453186E0,6.847484501E0
3.270221625E0,2.498304749E0,1.683549042E0,5.594615936E0,6.354179055E0
3.280191625E0,2.078876953E0,1.736089783E0,5.247787170E0,5.905506524E0
3.290160625E0,1.813478851E0,1.926344147E0,4.967120819E0,5.627770122E0
3.300130625E0,1.479972382E0,2.043101349E0,4.801864471E0,5.424249605E0
3.310100625E0,1.283730469E0,2.171983337E0,4.691843262E0,5.327182062E0
3.320069625E0,1.103205872E0,2.318827972E0,4.725672913E0,5.378290699E0
3.330039625E0,9.794132996E-1,2.494113464E0,4.840484161E0,5.532643066E0
3.340009625E0,1.027463379E0,2.653531952E0,5.039719849E0,5.787546023E0
3.349979625E0,1.109642487E0,2.788551178E0,5.224735107E0,6.025378085E0
3.359948625E0,1.006956024E0,2.854414215E0,5.317392426E0,6.118521321E0
3.369918625E0,7.789801025E-1,2.946472778E0,5.354365540E0,6.160985486E0
3.379887625E0,5.634283447E-1,3.012635193E0,5.369633789E0,6.182749335E0
3.389857625E0,3.249742126E-1,3.121009827E0,5.449417877E0,6.288280033E0
3.399827625E0,1.924996948E-1,3.221900024E0,5.657036133E0,6.513044888E0
3.409797625E0,8.577163696E-2,3.367696838E0,5.992638245E0,6.874623764E0
3.419766625E0,-1.886077881E-2,3.498674469E0,6.340963898E0,7.242161412E0
3.429736625E0,-1.682501221E-1,3.626059570E0,6.635551300E0,7.563541311E0
3.439706625E0,-3.143463135E-1,3.746708679E0,6.815327454E0,7.783657741E0
3.449675625E0,-4.951702881E-1,3.845503235E0,6.915768585E0,7.928489381E0
3.459645625E0,-6.677613831E-1,3.941902771E0,6.963070221E0,8.029249630E0
3.469615625E0,-8.271798706E-1,4.015100555E0,7.070097656E0,8.172609123E0
3.479584625E0,-1.037342834E0,4.099375305E0,7.282056885E0,8.420766623E0
3.489554625E0,-1.193168793E0,4.150119781E0,7.549700317E0,8.697420356E0
3.499524625E0,-1.341660004E0,4.163741455E0,7.891739044E0,9.023100333E0
3.509493625E0,-1.387614441E0,4.203558655E0,8.153095551E0,9.277302747E0
3.519463625E0,-1.310824127E0,4.227059784E0,8.263565826E0,9.374050057E0
3.529433625E0,-1.190773773E0,4.257296906E0,8.278235321E0,9.384652319E0
3.539402625E0,-1.099613342E0,4.307292938E0,8.303682404E0,9.418761246E0
3.549372625E0,-1.011147308E0,4.357139282E0,8.354277191E0,9.476340485E0
3.559342625E0,-9.545649719E-1,4.364773407E0,8.437204742E0,9.547191474E0
3.569311625E0,-9.464817810E-1,4.383035431E0,8.428522797E0,9.547084575E0
3.579281625E0,-9.960287476E-1,4.382586365E0,8.356821899E0,9.488709542E0
3.589251625E0,-1.030008087E0,4.376149750E0,8.271349640E0,9.414182288E0
3.599220625E0,-9.536668396E-1,4.411775665E0,8.267008667E0,9.418953087E0
3.609190625E0,-8.749305725E-1,4.433181152E0,8.283175049E0,9.435549137E0
3.619160625E0,-8.324189758E-1,4.406835938E0,8.262967072E0,9.401582269E0
3.629129625E0,-7.752378845E-1,4.384831696E0,8.180189209E0,9.313605009E0
3.639099625E0,-7.578739929E-1,4.376748505E0,8.069868622E0,9.211573157E0
3.649069625E0,-7.589218140E-1,4.359534302E0,7.930508423E0,9.081545325E0
3.659038625E0,-7.661068726E-1,4.395609283E0,7.813751221E0,8.997944702E0
3.669008625E0,-8.283773804E-1,4.382885742E0,7.727979584E0,8.922867530E0
3.678978625E0,-9.030720520E-1,4.336482239E0,7.690856781E0,8.875240581E0
3.688947625E0,-9.345066833E-1,4.313579865E0,7.651488647E0,8.833207374E0
3.698917625E0,-9.487271118E-1,4.271068268E0,7.646249542E0,8.809497111E0
3.708887625E0,-9.276210022E-1,4.223616943E0,7.721093903E0,8.849559981E0
3.718856625E0,-9.178912354E-1,4.124223633E0,7.848628693E0,8.913625371E0
3.728826625E0,-9.569599915E-1,4.012406158E0,8.019273834E0,9.017978068E0
3.738796625E0,-1.011446686E0,3.944896545E0,8.144413605E0,9.105861086E0
3.748765625E0,-1.053808594E0,3.850892029E0,8.155490570E0,9.080303321E0
3.758735625E0,-1.102008362E0,3.791315918E0,8.118816833E0,9.027939167E0
3.768705625E0,-1.158441010E0,3.718716888E0,8.118367767E0,9.004373164E0
3.778674625E0,-1.193617859E0,3.631897430E0,8.131690063E0,8.985532028E0
3.788644625E0,-1.261426849E0,3.571423187E0,8.124654694E0,8.964166173E0
3.798614625E0,-1.345551910E0,3.516038361E0,8.116122437E0,8.946758022E0
3.808583625E0,-1.438658295E0,3.516337738E0,8.112380219E0,8.957961910E0
3.818553625E0,-1.503623199E0,3.461701355E0,8.133935394E0,8.966892661E0
3.828523625E0,-1.517843628E0,3.378624115E0,8.137677612E0,8.940958959E0
3.838492625E0,-1.499431915E0,3.262765045E0,8.077053680E0,8.839271914E0
3.848462625E0,-1.501826935E0,3.135230255E0,8.222251740E0,8.926957856E0
3.858432625E0,-1.464105377E0,3.010090485E0,8.558901672E0,9.190160342E0
3.868401625E0,-1.382824402E0,2.894231415E0,8.934919739E0,9.493238096E0
3.878371625E0,-1.354533234E0,2.773582306E0,9.264983368E0,9.765625218E0
3.888341625E0,-1.305734711E0,2.685116272E0,9.452693024E0,9.913031722E0
3.898310625E0,-1.219663696E0,2.655627594E0,9.488618317E0,9.928434671E0
3.908280625E0,-1.160985718E0,2.626288605E0,9.513167267E0,9.937083632E0
3.918250625E0,-1.173110504E0,2.586022339E0,9.562863922E0,9.975573476E0
3.928219625E0,-1.206640778E0,2.533032532E0,9.698930969E0,1.009660823E1
3.938189625E0,-1.185534668E0,2.460433502E0,9.787097626E0,1.016102876E1
3.948159625E0,-1.078806610E0,2.383643188E0,9.899064789E0,1.023899713E1
3.958128625E0,-9.244775391E-1,2.280208282E0,1.006866211E1,1.036493923E1
3.968098625E0,-8.982820129E-1,2.140848083E0,1.032268387E1,1.058054551E1
3.978068625E0,-9.053173828E-1,1.969155121E0,1.046863037E1,1.069062175E1
3.988037625E0,-7.771838379E-1,1.934577026E0,1.054287598E1,1.074703852E1
3.998007625E0,-6.679110718E-1,1.853296051E0,1.061442719E1,1.079568784E1
4.007977625E0,-6.346801758E-1,1.819017334E0,1.062864761E1,1.080184212E1
4.017946625E0,-5.472619629E-1,1.857936401E0,1.066711761E1,1.084153225E1
4.027916625E0,-5.249583435E-1,1.879192200E0,1.083147583E1,1.100580816E1
4.037886625E0,-5.623805237E-1,1.878294067E0,1.105062012E1,1.122321101E1
4.047855625E0,-6.677613831E-1,1.875899048E0,1.125778931E1,1.143252914E1
4.057825625E0,-7.550299072E-1,1.879192200E0,1.140912460E1,1.158747417E1
4.067795625E0,-6.944059753E-1,1.878593445E0,1.150357819E1,1.167662726E1
4.077764625E0,-7.306306458E-1,1.813329163E0,1.164712967E1,1.181006407E1
4.087734625E0,-6.706054688E-1,1.891167297E0,1.181103882E1,1.198026976E1
4.097704625E0,-6.489006042E-1,1.898502045E0,1.194066925E1,1.210805369E1
4.107673625E0,-8.080197144E-1,1.638792114E0,1.192570038E1,1.206486075E1
4.117643625E0,-8.204438782E-1,1.502425690E0,1.214753906E1,1.226756359E1
4.127613666E0,-5.291496277E-1,1.870510254E0,1.227193039E1,1.242493796E1
4.137582666E0,-5.263055420E-1,2.157014465E0,1.222807159E1,1.242801045E1
4.147552666E0,-3.775149536E-1,1.963167572E0,1.185399948E1,1.202139127E1
4.157522666E0,-5.692662048E-1,1.809287567E0,1.203841599E1,1.218692106E1
4.167491667E0,-9.894424438E-1,1.765129395E0,1.259600647E1,1.275750983E1
4.177461667E0,-1.448088684E0,1.480122070E0,1.279374527E1,1.296023303E1
4.187431667E0,-2.068548431E0,1.336869965E0,1.264240997E1,1.288008711E1
4.197400666E0,-1.952240295E0,1.456471252E0,1.253897507E1,1.277334907E1
4.207370666E0,-1.596729584E0,1.594783630E0,1.250604355E1,1.270802917E1
4.217340666E0,-1.556762695E0,1.667532349E0,1.270198608E1,1.290521696E1
4.227309667E0,-1.419049072E0,2.055525513E0,1.264944534E1,1.289369431E1
4.237279667E0,-1.216669922E0,2.386936340E0,1.252445526E1,1.280779959E1
4.247249667E0,-1.179846497E0,2.519859924E0,1.222971817E1,1.254223817E1
4.257218666E0,-1.024319916E0,2.642005920E0,1.202180054E1,1.235123940E1
4.267188666E0,-5.813909912E-1,2.593506775E0,1.203751785E1,1.232745428E1
4.277158666E0,-1.541793823E-1,2.676584015E0,1.200234100E1,1.229813249E1
4.287127667E0,-1.930984497E-2,2.534080353E0,1.220561829E1,1.246591568E1
4.297097667E0,1.101708984E-1,2.399210815E0,1.222822128E1,1.246185162E1
4.307066666E0,5.275030518E-1,2.463277588E0,1.235261261E1,1.260686457E1
4.317036666E0,8.997789001E-1,2.745141449E0,1.244257553E1,1.277353082E1
4.327006666E0,1.212029572E0,3.379522247E0,1.205173828E1,1.257515733E1
4.336975667E0,1.229692841E0,3.995491333E0,1.135867950E1,1.210354062E1
4.346945666E0,8.644523621E-1,4.496050415E0,1.101664078E1,1.193013501E1
4.356915666E0,1.233435059E-1,3.951782227E0,1.094913116E1,1.164110260E1
4.366884666E0,-3.659889221E-1,3.264860687E0,1.050814819E1,1.100974303E1
4.376854667E0,-3.128494263E-1,3.289259949E0,1.004665787E1,1.057603140E1
4.386824667E0,3.833528137E-1,3.769611053E0,1.003079086E1,1.072257862E1
4.396793666E0,9.985734558E-1,4.043990479E0,1.045171555E1,1.125119397E1
4.406763666E0,1.350042572E0,3.892655182E0,1.027987289E1,1.107479869E1
4.416733666E0,1.545685730E0,3.541485443E0,1.025457550E1,1.095844798E1
4.426702667E0,1.783241730E0,3.589984589E0,1.055485107E1,1.129038625E1
4.436672667E0,1.665137329E0,3.845203857E0,1.107277405E1,1.183911315E1
4.446642667E0,1.575922852E0,3.917204132E0,1.101274887E1,1.179443338E1
4.456611666E0,1.933828583E0,3.879482574E0,1.032133667E1,1.119464464E1
4.466581666E0,1.926194458E0,3.890260162E0,9.747879181E0,1.067077775E1
4.476551666E0,1.368005219E0,3.883524170E0,9.340576172E0,1.020781864E1
4.486520667E0,1.222208405E0,4.200864258E0,8.756341095E0,9.788491368E0
4.496490667E0,1.070124664E0,4.555177460E0,8.016280060E0,9.282001642E0
4.506460667E0,7.464976501E-1,4.768483887E0,7.292684784E0,8.745224335E0
4.516429666E0,3.339555359E-1,4.927902374E0,6.924749908E0,8.505757427E0
4.526399666E0,-4.191284180E-2,5.120102692E0,6.791227570E0,8.505173729E0
4.536369666E0,-1.833686829E-1,5.228177948E0,6.898554382E0,8.657801181E0
4.546338667E0,-2.902464294E-1,5.313500519E0,7.043602753E0,8.827789672E0
4.556308666E0,-1.002914429E-1,5.374723206E0,7.088359680E0,8.896209916E0
4.566278666E0,1.787283325E-1,5.353467407E0,7.194189606E0,8.969276514E0
4.576247666E0,4.492158508E-1,5.306016083E0,7.228019257E0,8.977742697E0
4.586217667E0,5.505551147E-1,5.307962036E0,7.191495209E0,8.955175892E0
4.596187667E0,4.382885742E-1,5.411846008E0,7.115603027E0,8.950529623E0
4.606156666E0,3.532653809E-1,5.470823364E0,6.898554382E0,8.811626256E0
4.616126666E0,4.728666687E-1,5.395230560E0,6.525829468E0,8.480481468E0
4.626096666E0,5.390290833E-1,5.298381958E0,6.314319305E0,8.260389338E0
4.636065667E0,6.315367126E-1,5.375471649E0,6.236032104E0,8.257277425E0
4.646035667E0,7.640112305E-1,5.385201416E0,6.265520782E0,8.297039118E0
4.656005667E0,9.021739197E-1,5.561534729E0,6.229595490E0,8.399550362E0
4.665974666E0,8.946894836E-1,5.845643921E0,6.262976074E0,8.613761747E0
4.675944666E0,8.352630615E-1,5.996679840E0,6.348897400E0,8.773045747E0
4.685914666E0,8.048762512E-1,6.062991943E0,6.384822693E0,8.841586843E0
4.695883667E0,7.412585449E-1,6.101312256E0,6.338119812E0,8.828773314E0
4.705853667E0,8.484356689E-1,6.040089569E0,6.297554169E0,8.767081247E0
4.715823667E0,8.957373047E-1,6.040089569E0,6.150410156E0,8.666750972E0
4.725792666E0,9.068142700E-1,6.024222565E0,6.052214355E0,8.587366781E0
4.735762666E0,8.632548523E-1,6.065985718E0,5.907165985E0,8.510934240E0
4.745732666E0,7.307803345E-1,6.125412140E0,5.785768433E0,8.457530972E0
4.755701667E0,4.900808716E-1,6.313870239E0,5.672005005E0,8.501574997E0
4.765671666E0,3.339555359E-1,6.501879272E0,5.592669983E0,8.582768662E0
4.775641666E0,2.215393066E-1,6.599925385E0,5.516478424E0,8.604628345E0
4.785610666E0,2.484832764E-1,6.729855194E0,5.549260254E0,8.726223939E0
4.795580667E0,1.399589539E-1,6.813381500E0,5.555996246E0,8.792658885E0
4.805550667E0,8.696914673E-2,6.899751892E0,5.494923248E0,8.820902522E0
4.815519666E0,1.032852173E-1,6.851552124E0,5.381608887E0,8.712987350E0
4.825489666E0,1.112187195E-1,6.825955353E0,5.288203125E0,8.635457624E0
4.835459666E0,5.239105225E-3,6.889273682E0,5.214855652E0,8.640418901E0
4.845428667E0,-4.864883423E-2,7.004833374E0,5.182223511E0,8.713523846E0
4.855398667E0,-5.433700562E-2,7.034322052E0,5.212460632E0,8.755249002E0
4.865368667E0,5.149291992E-2,7.123386841E0,5.136119385E0,8.782084829E0
4.875337666E0,1.582209778E-1,7.070247345E0,5.152136078E0,8.749739285E0
4.885307666E0,2.537223816E-1,7.054380341E0,5.177433472E0,8.754111856E0
4.895277666E0,2.179467773E-1,7.062463531E0,5.228776703E0,8.790107948E0
4.905246667E0,1.423539734E-1,7.040608978E0,5.307662659E0,8.818260732E0
4.915216667E0,4.909790039E-2,7.159312134E0,5.396877136E0,8.965737207E0
4.925186667E0,-2.125579834E-1,7.303013306E0,5.504353638E0,9.147518418E0
4.935155666E0,-5.264552307E-1,7.451953583E0,5.539380798E0,9.300188543E0
4.945125666E0,-8.030799866E-1,7.564519501E0,5.446723480E0,9.355944068E0
4.955095666E0,-8.893006897E-1,7.644752655E0,5.432353363E0,9.420380137E0
4.965064667E0,-7.852670288E-1,7.677684174E0,5.505700836E0,9.480306971E0
4.975034666E0,-5.640270996E-1,7.614216156E0,5.600154419E0,9.468692822E0
4.985004666E0,-3.565585327E-1,7.617658997E0,5.638025665E0,9.483838673E0
4.994973667E0,-3.885919189E-1,7.695946198E0,5.702092438E0,9.586054961E0
5.004943667E0,-5.312452698E-1,7.718399506E0,5.681734772E0,9.598855269E0
5.014913667E0,-6.716532898E-1,7.710765381E0,5.524411926E0,9.509266430E0
5.024882666E0,-8.295748901E-1,7.836653595E0,5.433401184E0,9.571999921E0
5.034852666E0,-1.061442719E0,7.910450134E0,5.347479858E0,9.607154772E0
5.044822666E0,-1.217867432E0,7.927065582E0,5.287604370E0,9.606265133E0
5.054791667E0,-1.364263000E0,8.017477570E0,5.254523163E0,9.682518979E0
5.064761667E0,-1.331780548E0,8.033045197E0,5.328319702E0,9.731107101E0
5.074731667E0,-1.115480347E0,7.886949005E0,5.417384491E0,9.633084435E0
5.084700666E0,-9.880952454E-1,7.846083984E0,5.489684143E0,9.626733511E0
5.094670666E0,-9.928852844E-1,7.923473053E0,5.656736755E0,9.786006189E0
5.104640666E0,-9.910890198E-1,7.988887024E0,5.738616486E0,9.886166724E0
5.114609667E0,-9.762698364E-1,7.972271576E0,5.745951233E0,9.875534033E0
5.124579500E0,-9.370513916E-1,7.998167725E0,5.614075470E0,9.816648901E0
5.134549500E0,-9.054670715E-1,7.982151031E0,5.461842041E0,9.714233073E0
5.144518500E0,-8.930429077E-1,7.981252899E0,5.346731415E0,9.648080654E0
5.154488500E0,-8.391549683E-1,8.019124146E0,5.290897522E0,9.643864874E0
5.164457500E0,-8.414002991E-1,8.068970490E0,5.393284607E0,9.741855987E0
5.174427500E0,-6.737489319E-1,8.000712433E0,5.564827881E0,9.768963425E0
5.184397500E0,-5.721102905E-1,7.913593597E0,5.598208466E0,9.710417696E0
5.194366500E0,-5.806425476E-1,7.899822235E0,5.592520294E0,9.696423070E0
5.204336500E0,-7.203021240E-1,7.939639435E0,5.427862701E0,9.644604865E0
5.214306500E0,-9.297166443E-1,8.026608582E0,5.264851685E0,9.644142348E0
5.224275500E0,-1.009351044E0,8.129145355E0,5.209616547E0,9.707826652E0
5.234245500E0,-9.274713135E-1,8.147407379E0,5.189408569E0,9.704144029E0
5.244215500E0,-9.190887451E-1,8.146509247E0,5.126539307E0,9.669112798E0
5.254184500E0,-9.794132996E-1,8.167166290E0,5.046455841E0,9.650314616E0
5.264154500E0,-9.708810425E-1,8.151748352E0,5.041965179E0,9.634055432E0
5.274124500E0,-9.602531433E-1,8.115673370E0,5.094056854E0,9.629935389E0
5.284093500E0,-9.036708069E-1,8.126001892E0,5.122048645E0,9.648000311E0
5.294063500E0,-8.690927124E-1,8.139024811E0,5.128784637E0,9.659372592E0
5.304033500E0,-8.674461365E-1,8.121062164E0,5.135370941E0,9.647598052E0
5.314002500E0,-8.716374207E-1,8.121511230E0,5.250481567E0,9.710110872E0
5.323972500E0,-8.548722839E-1,8.078999634E0,5.317691803E0,9.709731604E0
5.333942500E0,-8.599617004E-1,8.107440491E0,5.310057678E0,9.729688483E0
5.343911500E0,-8.961863708E-1,8.088280334E0,5.368585968E0,9.749109912E0
5.353881500E0,-7.905061340E-1,8.041128387E0,5.309458923E0,9.668246984E0
5.363851500E0,-9.207353210E-1,8.053253174E0,5.116061096E0,9.585234549E0
5.373820500E0,-1.042132874E0,8.095764771E0,5.160219269E0,9.656878950E0
5.383790500E0,-9.479786682E-1,8.109386444E0,5.356161804E0,9.764695660E0
5.393760500E0,-9.433383179E-1,8.182733917E0,5.585185547E0,9.951950519E0
5.403729500E0,-9.042695618E-1,8.213719482E0,5.830375671E0,1.011316823E1
5.413699500E0,-7.984396362E-1,8.178542633E0,5.890849915E0,1.011079513E1
5.423669500E0,-8.195457458E-1,8.167914734E0,5.792803802E0,1.004704246E1
5.433638500E0,-9.871971130E-1,8.194259949E0,5.599106598E0,9.973487301E0
5.443608500E0,-1.135089569E0,8.226293335E0,5.339546356E0,9.872744586E0
5.453578500E0,-1.266815643E0,8.243806915E0,5.256768494E0,9.858944636E0
5.463547500E0,-1.380429382E0,8.244106293E0,5.159171448E0,9.822826674E0
5.473517500E0,-1.369801483E0,8.203840027E0,5.060077515E0,9.735693696E0
5.483487500E0,-1.370100861E0,8.149203644E0,4.910688171E0,9.612572742E0
5.493456500E0,-1.763632507E0,8.242908783E0,3.611539764E0,9.170559650E0
5.503426500E0,-2.587818604E0,8.432863770E0,2.998414764E0,9.316677926E0
5.513396500E0,-2.310146027E0,8.258775787E0,4.002676392E0,9.463908837E0
5.523365500E0,-1.651216278E0,8.176147614E0,4.534370728E0,9.494020375E0
5.533335500E0,-1.294208679E0,8.243806915E0,5.183121643E0,9.823445349E0
5.543305500E0,-1.487307129E0,8.284073181E0,5.614075470E0,1.011710405E1
5.553274500E0,-1.731299744E0,8.348289642E0,5.701942749E0,1.025687525E1
5.563244500E0,-2.035167847E0,8.237070923E0,5.583089905E0,1.015687641E1
5.573214500E0,-2.214794312E0,8.252788239E0,5.041516113E0,9.921225341E0